,image,0,1,2,3,4,5,6,7,8,9,10,11,12,13,14,15,16,17,18,19,20,21,22,23,24,25,26
0,levle0_451.jpg,-0.25,-0.52,0.319,0.196,-0.496,0.161,0.343,0.26,0.161,0.092,-0.399,0.353,0.027,-0.225,0.132,-0.234,-0.178,0.007,-0.18,-0.164,0.298,0.233,-0.438,-0.36,-0.029,-0.134,0.244
0,levle0_498.jpg,-0.273,-0.301,0.138,0.502,-0.235,0.052,0.209,0.163,-0.15,0.134,0.176,0.096,-0.225,-0.072,-0.241,0.136,-0.111,-0.318,-0.069,-0.422,-0.027,0.142,-0.234,-0.026,-0.051,-0.16,0.284
0,levle0_485.jpg,-0.178,-0.185,0.333,0.158,-0.14,0.09,0.211,0.234,0.006,0.144,-0.33,0.176,0.272,-0.404,0.143,-0.04,0.022,0.033,0.234,-0.084,0.248,-0.071,0.081,-0.227,-0.014,-0.273,0.308
0,levle0_218.jpg,-0.274,-0.208,0.225,0.09,-0.398,0.0,0.069,0.019,0.087,0.217,-0.311,0.182,0.127,-0.469,-0.215,0.229,-0.223,0.069,0.153,-0.331,0.215,-0.222,-0.04,0.03,-0.191,0.015,0.127
0,levle1_344.jpg,-0.425,-0.456,0.069,0.132,-0.278,-0.014,0.29,0.246,-0.059,0.228,-0.26,0.021,0.134,-0.497,-0.077,-0.025,0.057,0.203,0.187,-0.18,0.249,0.11,-0.043,0.061,-0.207,-0.253,0.058
0,levle0_302.jpg,-0.252,-0.407,0.107,0.052,-0.332,0.185,0.445,0.194,0.176,0.191,-0.323,-0.005,0.099,-0.333,-0.107,0.072,0.085,0.046,0.291,-0.171,0.446,-0.049,-0.218,0.179,0.0,-0.288,0.305
0,levle1_413.jpg,-0.149,-0.407,0.382,0.584,-0.371,0.116,0.226,0.192,0.168,0.102,-0.176,0.046,0.035,-0.257,-0.129,-0.068,-0.1,0.033,-0.063,-0.116,-0.067,0.166,-0.316,-0.234,0.004,-0.177,0.186
0,levle0_210.jpg,-0.105,-0.374,0.539,0.068,-0.339,0.108,0.415,0.251,-0.173,0.509,-0.146,0.038,0.145,-0.395,-0.127,-0.19,0.077,0.064,0.011,-0.222,-0.197,0.052,-0.209,-0.028,-0.1,0.18,0.351
0,levle0_11.jpg,-0.241,-0.291,0.308,0.111,-0.474,0.047,0.616,0.149,-0.214,0.123,-0.087,-0.052,0.057,-0.28,-0.105,0.14,0.03,0.07,0.067,-0.507,0.055,-0.143,-0.16,-0.027,-0.221,-0.563,0.21
0,levle0_83.jpg,-0.222,-0.182,-0.052,0.238,-0.35,0.288,0.152,0.278,0.28,0.223,-0.079,-0.032,-0.071,-0.266,-0.147,-0.006,-0.089,0.06,0.203,-0.251,0.352,-0.096,-0.058,-0.189,0.046,-0.105,0.104
0,levle0_319.jpg,-0.254,-0.441,0.29,0.131,-0.426,-0.03,0.328,0.337,0.271,0.317,-0.276,0.067,0.153,-0.28,-0.369,-0.097,0.004,0.036,-0.099,-0.129,0.146,-0.171,-0.234,-0.193,-0.042,0.014,0.288
0,levle0_64.jpg,-0.558,-0.228,0.296,0.266,-0.088,0.419,0.223,0.106,0.088,0.368,-0.589,0.023,0.244,-0.407,-0.078,-0.16,-0.19,0.061,0.239,-0.004,-0.047,0.006,-0.131,-0.162,0.138,-0.478,0.59
0,levle0_103.jpg,-0.378,-0.437,0.384,0.442,-0.253,0.2,0.22,0.356,-0.026,0.136,-0.298,0.187,0.221,-0.232,0.062,-0.292,-0.137,0.105,0.36,-0.377,0.249,0.172,-0.063,-0.169,-0.222,-0.02,0.371
0,levle0_213.jpg,-0.318,-0.235,0.133,0.146,-0.243,0.015,0.118,0.163,0.1,0.077,-0.256,0.115,0.105,-0.452,0.036,0.203,-0.139,0.135,0.145,-0.01,0.208,0.095,-0.25,-0.175,-0.086,-0.219,0.294
0,levle0_504.jpg,-0.421,-0.542,0.39,0.21,-0.24,0.05,0.255,0.24,0.052,0.316,-0.127,-0.013,0.014,-0.175,-0.137,0.052,0.123,-0.169,0.228,-0.227,0.149,0.148,-0.393,0.036,-0.051,-0.074,0.103
0,levle0_432.jpg,-0.245,-0.203,0.192,0.151,0.008,-0.028,0.29,0.187,0.003,0.017,-0.122,0.093,0.061,-0.175,0.065,0.265,0.074,-0.058,0.081,-0.136,0.017,0.032,-0.216,-0.036,-0.069,-0.049,0.273
0,levle0_178.jpg,-0.203,-0.517,0.45,0.053,-0.362,-0.011,0.446,0.308,0.119,0.173,-0.14,0.053,0.125,-0.083,-0.198,-0.106,0.043,0.024,-0.113,-0.2,-0.059,0.119,-0.125,-0.17,-0.048,-0.247,0.352
0,levle0_202.jpg,-0.331,-0.41,0.246,0.474,-0.205,0.155,0.449,0.307,-0.138,0.097,0.164,0.319,0.249,-0.369,-0.035,-0.029,0.149,-0.145,0.092,-0.102,0.114,0.077,-0.056,-0.061,-0.034,-0.011,0.319
0,levle0_112.jpg,-0.249,-0.469,0.453,0.254,-0.254,0.047,0.329,0.1,-0.137,0.252,0.161,0.059,0.085,-0.242,-0.283,0.327,0.083,0.054,0.002,-0.019,-0.055,0.039,-0.247,-0.134,-0.105,0.002,0.305
0,levle0_241.jpg,-0.336,-0.122,0.227,0.419,-0.341,0.162,0.003,0.348,0.199,0.009,0.025,0.045,0.079,-0.178,-0.038,-0.067,0.064,-0.011,-0.048,-0.122,0.106,0.098,-0.148,-0.042,-0.06,0.068,0.308
0,levle0_7.jpg,-0.232,-0.272,0.455,0.37,-0.345,-0.023,0.38,0.208,-0.152,0.147,-0.152,0.266,0.116,-0.382,-0.226,0.184,-0.224,-0.107,-0.028,-0.324,0.023,0.103,-0.108,-0.08,-0.318,-0.071,0.274
0,levle0_446.jpg,-0.179,-0.381,0.12,0.185,-0.326,0.117,0.009,-0.008,-0.077,0.179,-0.073,0.25,0.138,-0.218,-0.017,0.079,-0.112,0.263,0.262,-0.209,0.24,-0.026,-0.262,-0.009,0.039,-0.036,0.144
0,levle0_72.jpg,-0.234,-0.097,0.339,0.232,-0.183,0.015,0.171,0.246,-0.054,0.397,-0.123,0.005,0.006,-0.335,0.076,0.044,0.124,-0.056,0.081,-0.122,0.1,0.039,-0.167,-0.054,-0.158,-0.297,0.211
0,levle0_289.jpg,-0.352,-0.387,0.304,0.33,-0.222,0.05,0.088,0.102,-0.014,0.283,-0.406,-0.028,0.293,-0.285,-0.055,0.111,0.005,0.13,-0.011,-0.287,0.082,-0.014,-0.142,-0.186,-0.023,-0.216,0.45
0,levle0_346.jpg,-0.16,-0.493,0.262,0.291,-0.498,-0.143,0.33,0.197,0.145,0.25,-0.48,0.044,0.229,-0.391,-0.126,0.034,0.041,0.018,0.046,-0.144,0.166,0.074,-0.049,-0.25,-0.079,-0.104,0.299
0,levle0_410.jpg,-0.014,-0.402,0.166,0.292,-0.299,0.087,0.335,0.411,-0.05,0.21,-0.264,0.11,0.04,-0.349,-0.309,-0.104,-0.022,0.031,0.087,-0.224,-0.004,0.065,-0.232,-0.272,-0.138,-0.227,0.339
0,levle0_68.jpg,-0.049,-0.211,0.296,0.259,-0.438,0.142,0.082,0.261,0.111,0.181,-0.025,0.044,0.097,-0.371,-0.025,0.093,-0.238,-0.114,0.04,-0.195,0.074,0.15,-0.194,-0.177,0.042,0.038,0.21
0,levle0_392.jpg,-0.207,-0.383,0.17,0.082,-0.198,-0.107,0.239,0.18,-0.26,0.045,-0.182,-0.103,0.175,-0.27,-0.117,-0.054,-0.216,0.295,-0.07,-0.125,0.214,-0.031,-0.363,-0.18,-0.039,-0.177,0.044
0,levle0_175.jpg,-0.366,-0.247,0.228,0.145,-0.113,0.178,0.172,0.254,0.355,0.368,-0.203,0.139,0.124,-0.086,-0.333,-0.007,0.229,0.007,0.167,-0.184,0.102,-0.256,-0.132,-0.151,-0.043,-0.169,0.109
0,levle0_307.jpg,-0.276,-0.288,0.143,0.33,-0.504,0.32,0.071,0.105,0.17,0.399,-0.443,-0.065,-0.152,-0.17,0.042,-0.174,-0.11,-0.141,-0.062,-0.034,0.274,0.11,0.157,-0.021,0.211,-0.19,0.364
0,levle0_510.jpg,-0.25,-0.596,0.208,0.143,-0.382,-0.084,0.27,0.238,0.018,0.265,-0.421,-0.02,0.257,-0.129,-0.139,0.084,-0.17,0.017,-0.112,-0.082,0.095,-0.004,-0.177,-0.148,-0.081,-0.27,0.302
0,levle0_484.jpg,-0.267,-0.351,-0.049,0.066,-0.183,0.35,0.427,0.284,-0.042,0.24,-0.108,0.024,-0.007,-0.316,-0.243,-0.09,0.242,-0.035,0.249,-0.119,0.191,0.101,-0.22,0.073,-0.119,-0.281,-0.048
0,levle0_521.jpg,-0.27,-0.239,0.358,0.324,-0.337,0.074,0.248,0.075,-0.058,0.126,-0.09,-0.266,0.111,-0.242,-0.217,0.026,0.057,-0.02,0.15,-0.5,0.161,-0.094,0.084,0.056,-0.122,-0.113,0.309
0,levle1_159.jpg,-0.182,-0.199,0.144,0.229,-0.4,0.065,0.178,0.304,-0.119,0.215,0.011,0.052,0.195,0.008,-0.375,-0.019,-0.137,0.205,0.07,-0.143,0.176,0.091,-0.181,0.135,0.091,0.026,0.426
0,levle0_489.jpg,-0.4,-0.345,0.262,0.092,-0.171,0.097,0.314,-0.14,0.033,-0.016,-0.059,-0.064,0.015,-0.327,-0.322,-0.001,-0.06,-0.163,0.114,-0.26,0.162,0.012,-0.326,0.054,-0.283,-0.443,0.131
0,levle0_193.jpg,-0.241,-0.385,0.126,-0.122,-0.279,0.01,0.023,0.27,0.104,0.296,-0.459,0.023,0.317,-0.254,-0.049,-0.041,-0.195,0.001,0.093,-0.117,0.013,-0.037,-0.047,-0.081,-0.218,-0.148,0.141
0,levle0_520.jpg,-0.323,-0.388,-0.01,0.273,-0.357,0.217,0.433,0.389,0.209,0.276,-0.329,0.024,0.041,-0.281,-0.272,-0.088,0.116,0.007,0.205,-0.297,0.329,-0.075,-0.291,-0.007,-0.267,-0.261,-0.024
0,levle0_509.jpg,-0.206,-0.209,0.426,0.245,-0.265,0.09,0.302,0.215,0.013,0.17,-0.062,0.135,0.056,-0.284,-0.073,-0.035,-0.041,0.071,0.104,-0.46,0.02,-0.047,-0.267,-0.084,-0.167,0.016,0.213
0,levle0_107.jpg,-0.292,-0.126,0.201,0.08,-0.377,-0.1,0.525,0.56,-0.235,0.199,-0.352,0.089,0.009,-0.534,-0.051,-0.014,0.101,0.046,-0.079,-0.034,0.327,0.073,-0.155,0.126,-0.345,-0.189,0.127
0,levle0_122.jpg,-0.191,-0.325,0.38,-0.094,-0.438,0.086,0.291,0.139,0.058,0.453,-0.239,0.207,0.036,-0.217,0.101,-0.06,-0.05,0.123,-0.024,-0.315,0.146,0.002,-0.257,-0.001,-0.295,-0.114,0.397
0,levle0_439.jpg,-0.159,-0.2,-0.004,0.208,-0.284,0.061,0.198,0.196,-0.014,0.202,-0.15,0.025,0.244,-0.343,-0.052,0.123,-0.159,0.152,0.17,-0.147,0.129,-0.062,-0.171,-0.047,-0.082,-0.199,-0.016
0,levle0_282.jpg,-0.143,-0.099,-0.036,0.163,-0.385,0.415,0.597,0.19,-0.013,0.342,-0.212,0.137,-0.014,-0.255,-0.113,0.248,-0.267,-0.048,0.077,-0.208,-0.003,0.012,-0.299,-0.113,-0.17,-0.136,0.035
0,levle0_363.jpg,-0.089,-0.304,0.166,0.073,-0.481,0.185,0.214,0.438,0.174,0.334,-0.188,0.078,0.092,-0.202,-0.38,0.075,-0.128,0.066,-0.118,-0.026,0.306,0.073,-0.178,0.17,-0.243,-0.108,0.211
0,levle0_491.jpg,-0.219,-0.485,0.29,0.052,-0.487,0.174,0.239,0.269,0.106,0.281,-0.255,0.125,0.455,-0.396,-0.134,0.074,-0.065,-0.072,-0.051,-0.23,-0.017,-0.064,-0.278,-0.292,-0.207,-0.107,0.331
0,levle0_143.jpg,-0.525,-0.383,0.289,0.396,-0.361,-0.207,0.244,0.138,0.088,0.105,-0.348,-0.115,0.105,-0.327,-0.264,-0.151,-0.253,-0.122,0.362,-0.267,0.16,0.084,-0.205,-0.051,0.002,-0.059,0.328
0,levle0_288.jpg,-0.198,-0.053,0.136,0.255,-0.37,-0.097,0.147,0.274,-0.124,0.136,-0.134,0.238,0.046,-0.228,0.054,0.252,-0.014,-0.095,-0.068,-0.147,0.267,-0.162,-0.153,-0.045,-0.078,-0.246,0.404
0,levle0_18.jpg,-0.394,-0.269,0.045,-0.062,-0.375,0.134,0.157,0.212,0.248,0.135,0.016,0.074,-0.016,0.001,-0.071,0.144,0.042,0.163,0.173,-0.248,0.083,-0.036,-0.285,-0.017,-0.071,-0.233,-0.102
0,levle0_388.jpg,-0.138,-0.348,0.127,0.246,-0.025,0.047,0.189,0.239,0.064,0.291,-0.076,-0.165,0.129,-0.246,-0.21,0.009,0.228,-0.097,0.12,-0.089,0.069,-0.074,-0.137,0.123,0.178,-0.177,0.273
0,levle0_226.jpg,-0.279,-0.422,0.319,0.327,-0.212,-0.329,0.205,0.007,0.069,0.249,0.059,-0.068,0.043,-0.428,-0.215,0.297,0.169,0.21,0.001,-0.193,0.062,0.122,-0.002,-0.21,-0.131,0.054,0.295
0,levle0_295.jpg,-0.271,-0.424,0.204,0.367,-0.162,-0.11,0.358,0.418,0.203,0.298,-0.087,-0.098,0.043,-0.153,-0.147,0.024,0.143,0.065,-0.079,-0.132,0.139,0.052,-0.145,-0.232,0.039,-0.079,0.382
0,levle0_132.jpg,-0.253,-0.325,0.364,0.139,-0.282,0.355,0.175,0.093,-0.262,0.138,-0.15,0.071,0.159,-0.411,-0.1,0.161,0.102,-0.011,0.195,-0.412,0.135,-0.15,-0.295,0.248,-0.128,-0.086,0.236
0,levle0_14.jpg,-0.062,-0.22,0.3,-0.043,-0.374,0.143,0.152,0.005,0.102,0.179,-0.065,0.051,0.046,-0.188,-0.063,0.161,0.016,-0.036,0.313,-0.232,0.169,-0.195,-0.221,0.018,-0.097,-0.124,0.043
0,levle0_33.jpg,-0.189,-0.249,0.218,0.216,-0.259,0.223,0.041,0.257,-0.15,0.374,-0.321,-0.161,0.084,-0.334,-0.096,0.069,0.008,-0.169,0.15,-0.099,0.098,-0.163,-0.36,0.132,-0.048,-0.102,0.183
0,levle0_486.jpg,-0.44,-0.24,0.044,0.474,-0.441,0.038,0.461,0.014,0.146,0.068,-0.088,0.248,0.107,-0.224,-0.048,0.107,-0.053,0.271,-0.048,-0.42,0.35,0.02,-0.282,-0.095,-0.058,0.021,0.011
0,levle0_417.jpg,-0.556,-0.139,0.005,0.108,-0.175,0.244,0.241,0.1,0.165,0.232,-0.366,-0.153,0.579,-0.155,-0.119,-0.089,0.068,0.202,0.179,-0.104,0.269,-0.1,-0.265,0.019,-0.089,-0.043,0.37
0,levle0_215.jpg,-0.219,-0.158,0.097,0.168,-0.282,0.013,0.36,0.172,-0.029,0.146,-0.308,0.153,0.317,-0.298,-0.032,0.132,0.043,0.099,0.225,-0.166,0.154,0.009,-0.155,0.029,-0.171,-0.121,0.184
0,levle0_284.jpg,-0.263,-0.175,0.411,0.21,-0.341,-0.027,0.5,0.321,-0.04,0.217,-0.121,-0.166,0.015,-0.145,-0.168,0.083,-0.039,0.438,-0.069,-0.404,0.067,0.042,-0.251,-0.182,-0.046,-0.089,0.216
0,levle0_317.jpg,-0.177,-0.272,0.132,0.107,-0.357,0.229,0.26,0.171,-0.071,0.16,-0.191,-0.078,0.168,-0.221,0.076,-0.17,0.069,0.204,0.107,-0.337,0.069,-0.035,-0.309,-0.165,-0.218,-0.242,0.259
0,levle0_292.jpg,-0.509,-0.384,0.25,0.232,-0.427,0.181,0.417,0.202,0.014,0.225,-0.222,0.26,0.045,-0.428,-0.006,-0.166,-0.048,0.256,0.336,-0.159,0.17,-0.049,-0.388,-0.072,-0.165,-0.166,-0.0
0,levle0_131.jpg,-0.365,-0.575,0.261,0.515,-0.26,0.066,0.287,0.397,-0.172,0.088,-0.268,-0.152,-0.014,-0.278,-0.385,-0.053,0.091,-0.019,-0.091,-0.076,0.161,0.388,-0.012,0.039,-0.25,-0.242,0.491
0,levle0_371.jpg,-0.084,-0.331,0.232,0.147,-0.159,0.181,0.116,0.354,0.182,0.072,-0.247,-0.092,0.224,-0.192,-0.142,-0.171,-0.138,-0.08,0.154,-0.018,0.12,0.089,-0.081,-0.296,0.144,-0.078,0.279
0,levle0_512.jpg,-0.319,-0.362,0.176,0.165,-0.255,-0.211,0.086,0.143,-0.027,0.115,-0.356,0.182,0.033,-0.486,-0.189,-0.221,0.008,-0.435,0.153,0.05,0.033,0.144,-0.403,-0.222,-0.083,-0.493,0.069
0,levle0_522.jpg,-0.317,-0.451,0.33,-0.019,-0.422,0.044,0.343,0.211,0.039,0.003,-0.276,0.04,0.286,-0.211,-0.372,-0.065,0.245,0.301,0.07,0.026,0.096,0.13,-0.112,-0.303,-0.299,-0.195,0.346
0,levle0_275.jpg,-0.278,-0.233,0.211,0.134,-0.28,0.074,0.224,-0.034,0.103,-0.01,-0.132,0.39,0.067,-0.315,-0.302,0.195,-0.129,-0.19,-0.004,-0.204,0.441,-0.029,-0.371,-0.175,-0.058,-0.07,0.129
0,levle0_203.jpg,-0.262,-0.341,0.428,0.323,-0.224,0.086,0.247,0.264,-0.018,0.136,0.068,0.134,0.093,-0.527,0.084,-0.014,0.067,-0.112,-0.091,-0.159,0.134,0.155,-0.223,0.027,0.161,-0.282,0.365
0,levle0_159.jpg,-0.219,-0.449,0.399,0.301,-0.347,0.188,0.056,0.142,-0.089,0.132,0.165,-0.072,0.13,-0.281,-0.163,0.032,0.006,0.085,0.059,-0.25,0.099,0.169,-0.376,-0.215,-0.177,0.116,0.063
0,levle0_133.jpg,-0.253,-0.325,0.364,0.139,-0.282,0.355,0.175,0.093,-0.262,0.138,-0.15,0.071,0.159,-0.411,-0.1,0.161,0.102,-0.011,0.195,-0.412,0.135,-0.15,-0.295,0.248,-0.128,-0.086,0.236
0,levle0_3.jpg,0.017,-0.362,0.378,0.052,-0.513,0.046,0.313,-0.008,-0.026,0.165,-0.146,0.016,0.08,-0.08,-0.37,0.065,-0.182,0.052,-0.119,-0.208,-0.079,-0.009,-0.15,-0.064,-0.245,-0.139,0.236
0,levle0_342.jpg,-0.274,-0.139,0.193,0.276,-0.47,0.048,0.329,0.122,-0.04,0.011,-0.184,0.031,-0.123,-0.14,-0.286,0.122,-0.206,-0.141,0.012,-0.167,0.004,0.01,-0.086,-0.155,-0.336,-0.164,0.25
0,levle0_380.jpg,0.082,-0.212,0.192,0.068,-0.044,0.21,0.01,0.117,0.152,0.243,-0.36,0.234,0.031,-0.139,0.099,0.076,0.313,0.09,-0.32,-0.086,0.237,-0.164,-0.23,-0.1,-0.093,-0.179,0.334
0,levle0_59.jpg,0.0,-0.268,0.156,0.197,-0.253,-0.136,0.208,0.269,-0.031,0.354,-0.386,-0.237,0.218,-0.09,-0.261,-0.013,-0.005,0.084,-0.045,-0.105,0.073,0.038,-0.188,-0.001,-0.068,0.14,0.266
0,levle0_286.jpg,-0.256,-0.268,0.001,-0.052,-0.208,0.196,0.395,0.234,-0.116,0.22,-0.054,0.245,-0.007,-0.481,-0.039,0.167,0.021,0.113,-0.068,-0.145,0.121,-0.005,-0.233,0.065,0.036,-0.304,0.199
0,levle0_384.jpg,-0.257,-0.158,0.146,0.348,-0.455,0.155,0.24,0.243,-0.041,0.347,-0.075,-0.095,0.521,-0.127,-0.167,-0.092,-0.14,-0.107,0.226,-0.089,-0.109,0.224,-0.235,-0.04,0.086,-0.003,0.247
0,levle0_487.jpg,-0.23,-0.244,0.49,0.324,-0.263,0.086,-0.002,0.275,-0.207,0.17,-0.071,-0.03,0.205,-0.238,-0.125,0.169,0.011,-0.056,0.021,-0.083,0.069,0.115,0.024,-0.061,-0.231,-0.011,0.314
0,levle0_235.jpg,-0.253,-0.415,0.402,0.114,-0.231,0.07,0.291,0.141,0.039,0.079,0.082,0.111,0.147,-0.472,-0.278,0.14,-0.007,-0.316,-0.107,-0.247,0.07,0.1,-0.372,0.217,-0.082,-0.162,0.173
0,levle0_360.jpg,-0.247,-0.246,0.516,0.418,-0.303,0.289,0.342,0.356,0.038,0.403,0.009,-0.153,-0.05,-0.206,-0.422,-0.406,-0.178,0.063,0.252,-0.286,-0.115,-0.019,-0.423,-0.195,-0.131,-0.276,0.311
0,levle0_242.jpg,-0.395,-0.487,0.216,0.234,-0.364,0.251,0.345,0.22,-0.242,0.339,-0.213,0.231,0.072,-0.367,-0.288,0.003,0.103,0.168,0.04,-0.226,0.155,0.041,-0.326,-0.011,-0.18,-0.208,0.315
0,levle0_34.jpg,-0.194,-0.359,0.253,-0.063,-0.313,0.177,0.378,0.177,0.038,0.259,-0.12,0.017,-0.003,-0.227,0.013,0.059,0.008,0.142,-0.003,-0.307,0.264,0.102,-0.355,0.007,-0.098,-0.141,0.094
0,levle0_294.jpg,-0.163,-0.287,0.31,-0.099,-0.251,-0.113,0.319,0.38,0.087,0.191,-0.242,0.116,0.121,-0.532,0.042,0.193,-0.002,0.165,0.0,-0.438,0.04,0.138,-0.168,-0.419,-0.248,-0.256,0.296
0,levle0_222.jpg,-0.073,-0.281,0.208,0.301,-0.19,0.213,0.382,0.41,0.088,0.187,-0.057,0.35,0.168,-0.293,-0.252,0.126,-0.104,0.119,-0.089,-0.457,0.236,0.124,-0.334,-0.188,-0.196,0.113,0.255
0,levle0_156.jpg,-0.276,-0.327,0.331,0.343,-0.189,0.171,0.205,0.235,0.111,0.26,-0.135,0.209,0.147,-0.154,-0.214,0.021,-0.021,-0.071,0.223,-0.121,0.182,-0.165,-0.07,-0.017,0.029,-0.103,0.431
0,levle0_57.jpg,-0.354,-0.235,0.044,0.129,-0.032,0.079,0.037,0.129,0.027,0.054,-0.188,-0.216,0.176,-0.272,-0.09,0.14,0.215,0.088,-0.108,-0.092,0.329,0.2,-0.147,-0.086,-0.066,-0.334,0.331
0,levle0_78.jpg,-0.453,-0.181,0.323,0.415,-0.238,0.127,0.155,0.538,-0.215,0.254,-0.167,-0.127,0.257,-0.223,-0.097,0.135,0.027,0.088,0.101,-0.026,0.187,0.008,-0.103,-0.138,-0.03,0.243,0.177
0,levle1_360.jpg,-0.334,-0.343,0.319,-0.003,-0.282,0.081,0.413,0.395,0.092,0.282,-0.137,0.013,0.06,-0.457,0.057,-0.078,0.465,0.335,0.176,-0.247,0.312,-0.064,-0.274,0.13,-0.161,0.028,0.306
0,levle0_6.jpg,-0.017,-0.322,0.287,0.41,-0.084,-0.089,0.372,0.159,0.063,0.308,-0.187,-0.015,-0.18,-0.251,-0.365,0.382,0.042,-0.236,-0.066,0.078,0.108,0.08,-0.265,0.038,-0.084,0.09,0.209
0,levle0_271.jpg,-0.271,-0.286,0.455,0.048,-0.383,0.148,0.62,0.367,0.005,0.202,-0.496,-0.007,0.109,-0.158,-0.028,0.137,-0.129,0.092,-0.352,-0.446,0.038,0.271,-0.198,-0.057,-0.036,-0.297,0.324
0,levle0_476.jpg,-0.093,-0.333,0.326,0.151,-0.115,0.087,0.54,0.461,0.165,0.169,0.087,0.134,0.154,-0.205,-0.182,-0.071,0.212,-0.185,0.017,-0.336,0.213,0.21,-0.129,0.059,-0.214,-0.276,0.201
0,levle0_151.jpg,-0.342,-0.222,0.237,0.108,-0.364,0.14,0.249,0.094,-0.157,0.483,-0.293,0.306,0.046,-0.282,-0.094,0.042,-0.069,0.06,-0.057,-0.263,0.058,-0.077,-0.151,0.129,0.009,-0.134,0.395
0,levle0_114.jpg,-0.534,-0.161,0.281,0.142,-0.389,0.005,0.284,0.378,0.173,0.203,-0.211,0.063,0.123,-0.658,0.025,0.197,-0.003,0.079,0.206,-0.189,0.066,0.071,-0.313,-0.116,-0.126,-0.257,0.291
0,levle0_126.jpg,-0.128,-0.345,0.045,0.41,-0.111,0.025,0.227,0.472,0.083,0.096,-0.232,0.051,-0.044,-0.317,-0.207,0.138,-0.121,-0.424,0.085,-0.229,0.23,-0.027,-0.314,-0.139,-0.085,-0.225,0.12
0,levle0_192.jpg,-0.39,-0.218,0.258,0.252,-0.515,0.18,0.307,0.234,-0.052,0.448,-0.112,-0.207,0.193,-0.391,-0.36,0.076,0.08,-0.088,0.288,-0.124,0.147,-0.066,-0.187,0.049,-0.052,-0.21,0.372
0,levle0_62.jpg,-0.189,-0.289,0.064,0.197,-0.078,-0.045,0.133,-0.05,0.318,0.23,-0.215,-0.007,-0.062,-0.148,-0.08,-0.005,0.108,0.081,0.208,-0.067,0.093,0.082,-0.272,0.016,-0.015,-0.189,0.241
0,levle0_354.jpg,-0.149,-0.409,0.222,0.179,-0.571,-0.015,0.398,0.314,0.028,0.057,-0.093,0.048,0.277,-0.327,0.088,-0.113,-0.032,0.041,-0.061,-0.364,0.075,-0.245,-0.279,-0.019,-0.073,-0.161,0.217
0,levle0_142.jpg,-0.27,-0.158,0.24,0.481,-0.343,0.009,0.24,0.323,-0.114,-0.113,-0.008,0.037,0.112,-0.468,-0.134,0.107,-0.189,0.2,-0.081,0.029,0.185,-0.084,-0.131,-0.309,-0.031,-0.035,0.062
0,levle0_16.jpg,-0.38,-0.069,0.406,0.08,-0.139,-0.082,0.071,-0.036,-0.054,0.156,-0.173,0.268,-0.051,-0.266,-0.07,0.175,-0.068,0.038,0.181,-0.26,0.151,-0.112,-0.348,-0.113,-0.173,0.044,0.091
0,levle0_449.jpg,-0.023,-0.258,0.181,-0.009,-0.362,-0.055,0.297,0.352,0.176,0.469,-0.219,-0.207,0.086,-0.419,-0.045,-0.041,-0.008,0.135,0.124,-0.423,0.049,-0.093,-0.309,-0.346,0.026,-0.093,0.395
0,levle0_335.jpg,-0.053,-0.209,0.205,-0.086,-0.288,0.337,0.35,0.618,0.273,0.124,-0.215,0.06,-0.024,-0.315,-0.506,-0.126,-0.073,0.268,-0.108,0.08,0.11,0.057,-0.061,-0.287,-0.418,-0.515,0.287
0,levle0_377.jpg,0.009,-0.233,0.182,0.128,-0.445,-0.089,0.26,0.454,0.339,0.275,0.024,-0.114,0.047,-0.168,-0.08,0.146,0.109,0.063,-0.037,-0.11,0.065,-0.026,0.049,-0.125,-0.091,-0.398,0.448
0,levle0_389.jpg,-0.126,-0.265,0.161,0.343,-0.093,0.12,0.199,0.279,0.183,0.132,-0.27,-0.098,0.364,-0.124,-0.137,0.123,0.153,-0.216,-0.031,-0.188,0.057,-0.197,0.331,0.151,-0.108,-0.211,0.562
0,levle0_240.jpg,-0.405,-0.4,0.192,0.18,-0.185,-0.16,0.066,0.048,-0.092,0.329,-0.043,-0.17,0.159,-0.311,-0.133,0.108,0.047,0.125,0.038,-0.041,0.156,-0.045,0.064,-0.014,0.221,-0.213,0.272
0,levle0_467.jpg,-0.269,-0.333,-0.004,0.086,-0.303,0.05,0.122,0.303,0.192,0.066,0.046,0.25,0.177,-0.194,0.083,0.19,0.2,-0.153,-0.143,-0.207,0.214,0.079,-0.054,0.218,-0.028,-0.22,0.223
0,levle0_436.jpg,-0.178,-0.38,0.291,0.48,-0.361,0.028,0.531,0.158,0.177,0.195,0.019,-0.007,-0.092,-0.181,-0.142,0.287,-0.177,0.207,0.097,-0.292,0.121,-0.014,-0.022,0.065,-0.178,-0.083,0.123
0,levle0_144.jpg,-0.114,-0.173,0.059,0.235,-0.161,-0.122,0.163,0.219,-0.13,0.191,-0.07,-0.069,0.198,-0.273,0.329,-0.087,0.139,0.025,0.1,-0.256,0.128,-0.06,-0.28,-0.272,-0.191,-0.292,0.425
0,levle1_503.jpg,-0.337,-0.16,0.216,0.155,-0.335,0.059,0.394,0.163,0.002,0.182,-0.073,-0.063,0.072,-0.002,0.161,-0.064,0.115,-0.136,0.073,-0.329,0.16,-0.083,-0.184,0.193,0.018,-0.078,0.381
0,levle1_224.jpg,-0.348,-0.405,0.316,0.47,-0.458,0.222,0.073,0.522,-0.212,0.189,-0.1,-0.076,0.136,-0.46,-0.343,-0.033,0.001,0.142,-0.124,-0.439,0.267,0.028,-0.432,-0.103,-0.154,0.124,0.232
0,levle1_358.jpg,-0.272,-0.339,0.296,0.208,-0.245,0.111,0.272,0.273,0.003,0.246,-0.186,0.076,0.031,-0.332,-0.073,0.066,-0.025,0.156,0.044,-0.183,0.135,-0.034,-0.232,-0.058,-0.152,-0.179,0.283
0,levle1_363.jpg,-0.253,-0.205,0.134,0.259,-0.211,0.016,0.19,0.232,0.114,0.115,-0.065,-0.023,0.111,-0.237,-0.08,0.068,0.136,0.084,0.106,-0.126,0.205,-0.001,-0.199,-0.132,-0.014,0.028,0.246
0,levle1_399.jpg,-0.143,-0.14,0.415,0.134,-0.33,0.026,0.132,-0.124,0.201,0.024,-0.148,-0.118,0.075,-0.283,-0.069,0.198,-0.01,-0.035,0.016,-0.216,-0.116,-0.05,-0.503,-0.096,0.014,-0.112,0.207
0,levle1_630.jpg,-0.246,-0.442,0.515,0.31,-0.229,-0.037,0.222,0.225,-0.146,-0.051,-0.075,0.17,0.083,-0.177,-0.282,0.012,-0.161,-0.061,0.1,-0.265,0.232,0.148,-0.395,-0.048,-0.033,-0.148,0.517
0,levle1_247.jpg,-0.173,-0.112,0.445,0.174,-0.285,0.141,0.103,0.277,0.213,0.296,-0.297,0.056,0.083,-0.336,-0.185,0.156,-0.131,-0.041,0.083,0.025,0.039,-0.079,-0.156,-0.011,-0.141,-0.28,0.223
0,levle1_234.jpg,-0.214,-0.363,0.23,0.269,-0.37,-0.007,0.315,0.031,-0.068,0.025,-0.232,-0.053,0.099,-0.182,-0.308,0.217,-0.089,0.24,0.125,-0.327,0.036,0.141,-0.371,-0.084,-0.151,-0.047,0.418
0,levle1_76.jpg,-0.385,-0.002,0.295,0.139,-0.285,0.153,0.356,0.398,0.044,0.181,-0.283,0.08,0.261,-0.152,0.095,0.019,-0.175,0.088,-0.179,-0.141,0.057,-0.134,-0.228,-0.018,0.079,-0.098,0.397
0,levle1_308.jpg,-0.484,-0.32,0.162,0.225,-0.109,0.166,0.313,0.137,-0.085,0.207,-0.112,-0.009,0.254,-0.361,0.13,-0.191,-0.034,-0.037,0.193,-0.123,-0.104,0.222,-0.127,-0.061,-0.144,-0.277,0.387
0,levle1_255.jpg,-0.264,-0.382,0.302,0.28,-0.411,0.196,0.287,0.363,-0.137,0.296,-0.276,-0.026,0.066,-0.262,-0.347,0.082,0.076,0.153,0.093,-0.231,0.164,0.2,-0.361,0.144,-0.189,-0.283,0.225
0,levle1_392.jpg,-0.324,-0.128,0.352,0.085,-0.148,-0.03,0.128,0.403,0.048,0.272,-0.239,0.003,0.034,-0.109,-0.136,-0.087,0.178,-0.057,-0.124,-0.05,-0.185,0.099,-0.197,-0.053,-0.06,-0.257,0.457
0,levle1_216.jpg,-0.103,-0.24,0.287,0.323,-0.281,0.025,0.238,0.367,0.045,0.037,-0.209,-0.148,0.087,-0.139,0.153,0.063,0.125,0.179,0.087,-0.337,0.046,0.097,-0.16,0.086,-0.121,-0.103,0.348
0,levle1_528.jpg,-0.105,-0.073,0.129,0.029,-0.226,0.07,0.481,0.352,0.215,0.055,-0.204,0.172,0.032,-0.456,0.098,0.103,0.167,0.088,-0.024,-0.16,0.405,-0.154,-0.272,-0.078,-0.125,0.283,-0.07
0,levle1_223.jpg,-0.22,-0.245,0.104,0.16,-0.279,0.061,0.366,0.234,-0.069,0.02,-0.13,0.083,0.099,-0.083,-0.051,0.048,0.008,0.119,0.145,-0.54,0.041,0.23,-0.053,0.017,-0.151,0.048,0.197
0,levle1_386.jpg,-0.14,-0.296,0.274,0.311,-0.176,0.058,0.355,0.355,-0.031,0.031,-0.238,-0.004,0.349,-0.078,-0.104,0.1,0.111,0.192,-0.059,-0.078,0.248,0.16,-0.078,0.133,-0.252,-0.249,0.287
0,levle1_20.jpg,-0.304,-0.337,0.238,0.136,-0.256,0.064,0.295,0.257,0.02,0.233,-0.194,0.131,0.097,-0.218,-0.098,0.034,0.0,0.1,0.066,-0.142,0.151,-0.055,-0.178,-0.062,-0.093,-0.189,0.305
0,levle1_164.jpg,-0.217,-0.255,0.244,0.2,-0.432,0.133,0.189,0.211,0.068,0.14,-0.177,0.054,0.108,-0.272,-0.178,0.133,0.01,0.055,0.065,-0.153,0.172,-0.02,-0.132,-0.099,-0.013,-0.182,0.244
0,levle1_586.jpg,-0.44,-0.46,0.331,0.386,-0.397,-0.034,0.346,0.346,-0.099,0.319,-0.16,0.036,0.021,-0.463,-0.251,-0.02,-0.071,0.208,0.143,-0.014,-0.082,0.056,-0.296,-0.309,0.035,0.142,0.146
0,levle1_77.jpg,-0.137,-0.475,0.044,0.105,-0.334,0.014,0.156,0.395,-0.013,0.119,-0.143,0.271,0.167,-0.241,0.015,-0.145,-0.011,0.276,0.16,-0.228,0.138,0.198,-0.133,-0.232,-0.143,-0.21,0.194
0,levle1_371.jpg,-0.4,-0.254,0.184,0.196,-0.327,0.1,0.165,0.239,-0.045,-0.074,-0.166,-0.065,0.019,-0.197,0.099,0.078,-0.003,0.068,-0.059,-0.152,0.23,-0.043,-0.373,0.07,-0.128,-0.037,0.267
0,levle1_300.jpg,-0.199,-0.364,0.404,0.119,-0.228,-0.24,0.311,0.126,-0.075,-0.008,-0.484,0.046,-0.018,-0.378,-0.188,0.037,-0.071,-0.076,0.016,-0.075,0.14,-0.091,-0.054,-0.119,-0.212,-0.15,0.414
0,levle1_191.jpg,0.001,-0.444,0.302,0.234,-0.05,0.076,0.484,0.498,-0.126,0.45,-0.491,0.1,0.321,-0.056,-0.013,0.073,0.034,0.107,-0.161,-0.09,-0.014,0.126,-0.027,-0.099,0.178,-0.183,0.484
0,levle1_88.jpg,-0.521,-0.156,0.299,0.145,-0.202,0.081,0.26,0.346,-0.203,0.131,-0.201,-0.009,0.052,-0.312,0.229,-0.209,0.201,-0.018,-0.142,-0.183,0.005,0.029,-0.065,0.039,-0.297,-0.018,0.374
0,levle1_194.jpg,-0.373,-0.156,0.156,0.321,-0.307,-0.046,0.199,0.254,-0.119,0.122,-0.136,-0.016,0.247,-0.399,-0.142,0.106,0.035,0.169,0.052,-0.234,0.187,-0.052,-0.193,0.183,0.005,-0.235,0.284
0,levle1_354.jpg,-0.264,-0.089,0.137,0.192,-0.011,0.133,0.287,0.201,-0.044,-0.006,-0.224,0.16,0.203,-0.428,-0.01,0.042,0.006,-0.145,-0.031,-0.153,0.304,0.104,-0.219,0.262,-0.089,-0.371,0.165
0,levle1_165.jpg,-0.451,-0.339,0.289,0.252,-0.246,0.194,0.333,0.322,0.189,0.045,-0.094,0.019,0.176,-0.276,-0.257,-0.07,-0.141,-0.057,0.327,-0.149,0.061,0.033,-0.148,-0.086,-0.033,-0.146,0.366
0,levle1_435.jpg,-0.305,-0.28,0.269,0.242,-0.403,0.117,0.297,0.208,-0.022,0.379,-0.004,-0.055,0.0,-0.231,-0.123,-0.061,-0.012,-0.053,0.199,-0.511,0.117,-0.059,-0.464,-0.04,-0.123,0.076,0.168
0,levle1_471.jpg,-0.26,-0.37,0.263,0.127,-0.331,0.221,0.531,0.469,0.106,0.385,-0.344,0.061,0.099,-0.283,-0.181,-0.116,-0.057,0.035,0.051,-0.268,0.304,0.064,-0.354,0.119,-0.175,-0.294,0.111
0,levle1_268.jpg,-0.541,-0.086,0.379,0.26,-0.427,0.14,0.088,0.102,-0.032,0.108,-0.25,0.153,0.123,-0.237,-0.086,0.16,-0.127,0.131,0.335,-0.181,0.162,0.155,-0.276,0.019,0.015,-0.012,0.062
0,levle1_78.jpg,-0.335,-0.405,0.34,0.253,-0.337,0.382,0.282,0.077,-0.09,0.18,-0.28,-0.015,-0.051,-0.337,-0.19,0.003,-0.18,-0.1,0.103,-0.079,0.175,-0.009,0.007,-0.11,-0.242,-0.145,0.414
0,levle1_468.jpg,-0.147,-0.225,0.343,0.089,0.098,0.051,0.363,0.414,0.093,0.229,-0.334,0.052,0.01,-0.235,-0.016,0.061,-0.107,0.171,-0.014,-0.082,0.124,-0.024,0.032,0.005,-0.133,-0.228,0.307
0,levle1_394.jpg,-0.232,-0.63,0.115,0.209,-0.241,0.115,0.412,0.341,0.076,0.249,-0.077,0.017,-0.097,-0.212,-0.127,-0.009,0.073,-0.021,-0.296,-0.16,0.184,0.123,0.124,0.129,-0.075,0.008,0.159
0,levle1_126.jpg,-0.48,-0.202,0.343,0.169,-0.204,0.023,0.26,0.006,-0.066,0.187,-0.072,0.211,-0.069,-0.362,-0.217,-0.009,-0.017,-0.126,0.018,-0.114,0.085,0.12,-0.11,-0.017,-0.215,-0.11,0.219
0,levle1_537.jpg,-0.136,-0.176,0.234,0.213,-0.305,-0.05,0.13,0.303,0.211,0.042,-0.291,-0.262,0.054,-0.284,-0.182,0.01,-0.062,0.081,0.012,-0.051,0.108,-0.141,-0.019,-0.243,0.342,-0.301,0.095
0,levle1_541.jpg,-0.358,-0.256,0.299,0.113,-0.447,0.218,0.083,0.167,-0.026,0.19,-0.047,0.019,0.007,-0.151,-0.149,-0.046,-0.023,0.161,0.018,-0.239,0.174,-0.142,-0.165,-0.06,-0.136,-0.361,0.094
0,levle1_461.jpg,-0.134,-0.249,0.374,0.16,-0.326,0.023,0.589,0.43,-0.223,0.18,-0.182,-0.08,0.211,-0.494,0.0,0.074,0.112,0.235,0.13,-0.134,0.018,0.23,-0.179,-0.033,-0.103,-0.136,0.139
0,levle1_609.jpg,-0.206,-0.397,0.274,0.022,-0.179,-0.024,0.355,0.348,-0.105,0.021,-0.106,0.169,0.175,-0.318,-0.218,0.053,-0.007,0.13,0.021,-0.28,0.237,0.192,-0.161,0.053,-0.153,-0.084,0.386
0,levle1_37.jpg,-0.161,-0.229,0.431,0.254,-0.273,0.239,0.258,0.382,0.119,0.094,-0.26,0.316,0.01,-0.301,-0.141,0.031,0.018,0.147,0.105,0.056,-0.106,-0.124,0.127,-0.21,-0.27,-0.174,0.678
0,levle1_74.jpg,-0.294,-0.313,0.098,0.119,-0.306,0.073,-0.022,0.261,0.224,0.365,0.025,0.306,-0.347,-0.259,-0.074,-0.122,0.017,0.138,0.203,-0.31,0.037,0.029,0.058,-0.188,-0.094,-0.086,0.299
0,levle1_162.jpg,-0.234,-0.413,0.233,0.145,-0.376,0.076,0.227,0.152,0.056,0.161,-0.212,0.04,0.126,-0.294,-0.106,0.021,-0.001,0.058,0.025,-0.204,0.087,-0.033,-0.194,-0.031,-0.141,-0.287,0.222
0,levle1_604.jpg,-0.071,-0.264,0.232,0.055,-0.439,0.034,0.484,0.262,0.01,0.224,-0.342,0.111,0.021,-0.013,-0.182,-0.009,-0.045,-0.018,0.116,0.147,-0.022,-0.001,0.143,0.216,-0.33,-0.145,0.306
0,levle1_611.jpg,-0.119,-0.481,0.268,0.145,-0.202,-0.072,0.224,0.355,0.039,0.097,-0.313,0.111,0.099,-0.338,-0.216,0.039,-0.06,0.116,-0.195,0.202,0.053,-0.142,-0.203,-0.092,-0.009,-0.007,0.331
0,levle1_96.jpg,-0.111,-0.291,0.407,0.148,-0.569,0.013,0.196,0.279,0.012,0.275,-0.288,0.158,0.087,-0.268,-0.031,-0.047,0.208,-0.077,0.103,-0.225,0.07,0.032,-0.137,-0.142,-0.075,-0.132,0.192
0,levle1_610.jpg,-0.119,-0.481,0.268,0.145,-0.202,-0.072,0.224,0.355,0.039,0.097,-0.313,0.111,0.099,-0.338,-0.216,0.039,-0.06,0.116,-0.195,0.202,0.053,-0.142,-0.203,-0.092,-0.009,-0.007,0.331
0,levle1_470.jpg,-0.5,-0.37,0.329,0.437,-0.126,0.176,0.185,0.168,0.061,0.276,-0.123,0.002,0.02,-0.276,0.058,0.073,-0.041,0.01,0.284,-0.124,0.266,0.023,-0.19,-0.075,0.01,-0.298,0.103
0,levle1_115.jpg,-0.215,-0.305,0.087,0.27,-0.324,0.042,0.068,0.423,0.034,0.199,-0.042,-0.218,0.116,0.072,-0.122,0.229,0.032,0.168,0.083,-0.11,0.104,0.002,-0.412,0.219,-0.165,0.079,0.082
0,levle1_50.jpg,-0.123,-0.157,0.186,0.167,-0.058,-0.089,0.267,-0.026,-0.002,0.101,-0.213,0.09,-0.012,-0.196,-0.055,0.112,0.058,0.017,-0.042,-0.207,0.083,-0.143,-0.017,-0.083,-0.168,-0.374,0.317
0,levle1_69.jpg,-0.246,-0.282,0.248,0.182,-0.333,0.186,0.336,0.423,0.006,0.048,-0.111,-0.023,0.065,-0.127,0.063,0.001,-0.02,0.164,0.003,-0.179,0.066,-0.007,-0.26,0.027,-0.15,0.111,0.167
0,levle1_244.jpg,-0.354,-0.214,0.247,0.431,-0.14,-0.07,0.147,0.165,0.159,0.065,-0.313,-0.003,0.055,-0.24,-0.015,-0.078,0.091,0.143,0.132,-0.164,0.095,-0.021,-0.128,-0.193,-0.005,-0.011,0.479
0,levle1_9.jpg,-0.425,-0.331,0.484,0.15,-0.295,-0.183,0.437,0.34,-0.283,0.161,-0.155,0.167,0.303,-0.407,-0.112,-0.104,-0.061,0.165,0.106,-0.241,-0.152,0.014,-0.238,-0.347,-0.096,-0.261,0.147
0,levle1_511.jpg,-0.211,-0.291,0.464,0.128,-0.362,0.094,0.189,0.151,0.009,-0.011,-0.191,0.074,0.095,-0.34,-0.104,-0.053,-0.135,0.108,-0.026,-0.347,0.024,-0.095,-0.243,-0.018,-0.244,-0.184,0.26
0,levle1_129.jpg,-0.231,-0.331,0.251,0.176,-0.29,0.083,0.278,0.176,0.012,0.23,-0.161,0.007,0.127,-0.253,-0.118,0.054,0.05,0.047,0.059,-0.186,0.134,-0.039,-0.159,-0.119,-0.118,-0.214,0.204
0,levle1_381.jpg,-0.356,-0.127,0.368,0.322,-0.101,0.071,0.137,-0.044,-0.018,0.376,0.018,-0.237,-0.028,-0.212,-0.207,-0.123,0.19,-0.189,0.169,-0.222,0.235,-0.15,-0.072,0.202,0.101,-0.067,0.213
0,levle1_310.jpg,-0.198,-0.42,0.562,0.104,-0.199,0.096,0.374,0.305,-0.022,0.281,-0.053,-0.023,0.228,-0.275,-0.132,-0.002,0.006,0.126,-0.119,-0.434,0.161,0.145,-0.366,-0.111,-0.039,-0.183,0.144
0,levle1_583.jpg,-0.324,-0.409,0.491,0.339,-0.119,0.258,0.218,0.432,0.136,0.092,0.006,0.09,0.03,-0.293,-0.189,-0.167,0.102,0.038,0.022,0.026,0.155,0.111,-0.297,-0.269,0.007,-0.15,0.366
0,levle1_524.jpg,-0.162,-0.359,0.123,0.096,-0.341,0.231,0.299,0.299,0.111,0.158,-0.329,-0.029,-0.084,-0.312,-0.127,-0.193,-0.031,-0.026,-0.158,-0.293,0.012,-0.106,-0.22,-0.208,-0.251,-0.269,0.449
0,levle1_353.jpg,-0.259,-0.217,0.264,0.065,-0.381,0.022,0.347,0.296,0.004,0.163,-0.299,0.11,-0.141,-0.452,-0.125,0.133,0.126,0.052,0.044,-0.435,0.318,-0.085,-0.119,0.0,-0.149,-0.096,0.221
0,levle1_33.jpg,-0.202,-0.128,0.207,-0.061,-0.11,-0.157,0.304,0.191,0.086,0.101,-0.307,0.109,0.119,-0.281,0.081,0.155,-0.191,-0.04,-0.325,-0.134,-0.09,-0.004,-0.3,-0.184,-0.361,-0.095,0.263
0,levle1_486.jpg,-0.297,-0.32,0.212,0.217,-0.254,0.127,0.274,0.216,-0.028,0.129,-0.167,0.07,0.153,-0.256,-0.13,0.041,0.035,0.02,0.043,-0.16,0.043,-0.046,-0.163,-0.044,-0.096,-0.084,0.227
0,levle1_617.jpg,-0.31,-0.491,0.375,0.156,-0.225,0.247,0.502,0.2,0.042,0.235,-0.055,-0.06,-0.045,-0.205,-0.169,0.042,-0.219,-0.141,-0.167,-0.236,0.18,-0.111,-0.144,0.144,-0.162,-0.076,0.215
0,levle1_16.jpg,-0.281,-0.216,0.325,0.274,-0.326,-0.001,0.317,0.262,0.047,0.203,-0.162,0.095,0.068,-0.301,-0.074,0.036,0.047,0.06,0.09,-0.194,0.098,0.012,-0.179,-0.07,-0.115,-0.169,0.306
0,levle1_133.jpg,-0.337,-0.16,0.216,0.155,-0.335,0.059,0.394,0.163,0.002,0.182,-0.073,-0.063,0.072,-0.002,0.161,-0.064,0.115,-0.136,0.073,-0.329,0.16,-0.083,-0.184,0.193,0.018,-0.078,0.381
0,levle1_622.jpg,-0.439,-0.273,0.176,0.211,-0.172,-0.066,0.318,0.234,0.113,0.15,0.054,-0.034,-0.041,-0.188,0.097,0.067,0.063,-0.182,0.02,-0.345,0.114,0.059,-0.167,-0.055,-0.05,0.106,0.026
0,levle1_215.jpg,-0.202,-0.167,0.323,0.373,-0.251,0.186,0.197,0.398,-0.007,0.159,-0.226,0.174,-0.132,-0.27,0.019,-0.041,-0.026,0.094,0.259,-0.3,-0.1,-0.112,-0.061,-0.267,-0.35,-0.078,0.366
0,levle1_536.jpg,-0.254,-0.32,0.248,0.239,-0.565,0.153,0.177,0.229,0.241,0.222,-0.216,0.046,-0.083,-0.215,-0.296,0.101,0.021,-0.089,-0.03,-0.405,0.065,-0.108,-0.232,-0.022,-0.174,-0.168,0.242
0,levle1_173.jpg,-0.203,-0.25,0.137,0.053,-0.383,0.03,0.193,0.315,0.178,0.337,-0.375,0.051,0.024,-0.214,-0.324,0.058,-0.079,0.126,0.079,-0.176,0.118,-0.114,-0.195,-0.17,-0.098,-0.126,0.12
0,levle1_152.jpg,-0.277,-0.327,0.357,0.35,-0.25,0.038,0.299,0.183,0.231,0.128,-0.063,0.02,0.056,-0.238,-0.145,0.121,-0.076,-0.151,-0.009,-0.009,0.049,-0.07,0.073,-0.258,-0.133,-0.178,0.238
0,levle1_87.jpg,-0.337,-0.531,0.609,0.075,-0.537,-0.232,0.348,0.225,-0.301,0.331,-0.19,0.315,0.258,-0.248,-0.272,0.014,0.062,-0.026,0.245,-0.385,-0.1,-0.079,-0.241,-0.252,-0.074,-0.19,0.282
0,levle1_40.jpg,-0.272,-0.178,0.359,0.313,-0.529,0.11,0.365,0.31,-0.085,0.108,-0.049,-0.004,0.064,-0.369,-0.146,-0.001,-0.0,0.169,0.051,-0.135,0.274,-0.175,-0.324,-0.075,-0.128,0.153,-0.049
0,levle1_640.jpg,-0.338,-0.265,0.296,0.301,-0.353,0.152,0.419,0.123,0.161,0.072,-0.028,0.023,0.238,-0.186,-0.021,0.237,0.039,0.082,0.101,-0.161,0.15,-0.108,-0.06,0.091,0.014,0.064,0.258
0,levle1_373.jpg,-0.221,-0.181,0.273,0.34,-0.184,0.228,0.207,0.118,-0.076,0.153,-0.107,0.12,0.02,-0.221,0.053,-0.061,0.146,0.069,-0.131,-0.167,0.104,0.017,-0.337,0.241,-0.029,-0.024,0.238
0,levle1_336.jpg,-0.478,-0.322,0.274,0.102,-0.206,0.03,0.291,0.101,-0.095,0.231,-0.121,-0.112,0.087,-0.123,-0.153,-0.015,0.202,-0.052,0.026,-0.211,-0.005,-0.018,-0.19,-0.21,-0.146,-0.261,0.141
0,levle1_167.jpg,-0.434,-0.294,0.37,0.072,-0.13,0.064,0.196,-0.101,0.132,0.142,-0.091,-0.011,0.017,-0.314,-0.129,0.007,-0.076,-0.09,-0.053,-0.263,0.313,-0.145,-0.198,0.205,0.069,-0.06,0.17
0,levle1_496.jpg,-0.256,-0.372,0.362,0.117,-0.232,-0.272,0.588,0.285,-0.078,0.28,-0.436,-0.06,0.024,-0.053,-0.225,0.132,0.146,0.084,0.034,-0.257,0.066,-0.113,-0.23,-0.161,-0.062,-0.01,0.311
0,levle1_99.jpg,-0.226,-0.192,0.178,0.162,-0.172,0.205,0.005,0.375,0.104,0.051,0.168,0.277,0.09,-0.232,-0.215,-0.02,0.105,0.154,0.16,-0.178,0.076,0.151,-0.169,0.046,0.047,-0.264,-0.009
0,levle1_91.jpg,-0.443,-0.168,0.313,0.1,0.001,-0.069,0.42,0.106,-0.17,-0.051,-0.03,-0.037,0.147,-0.292,0.054,0.174,0.151,0.038,0.15,-0.259,0.1,0.079,-0.045,0.039,-0.249,-0.037,0.157
0,levle1_82.jpg,-0.244,-0.373,0.251,0.314,-0.355,0.055,0.247,0.026,-0.025,0.252,-0.051,0.037,-0.153,-0.257,-0.121,-0.081,0.074,0.018,0.192,-0.144,0.15,-0.019,-0.037,-0.117,0.153,0.056,0.261
0,levle1_576.jpg,-0.336,-0.335,0.52,0.3,-0.128,-0.035,0.319,0.323,-0.098,0.403,-0.312,0.057,0.121,-0.283,-0.096,-0.06,0.05,0.27,-0.055,-0.181,0.046,0.234,-0.382,-0.069,-0.108,-0.192,0.487
0,levle1_515.jpg,-0.119,-0.219,0.208,0.382,-0.056,0.086,0.28,0.37,0.188,0.031,-0.011,-0.111,0.09,-0.231,-0.116,0.15,0.318,0.241,0.02,-0.087,-0.121,0.043,-0.031,-0.14,0.069,0.072,0.295
0,levle1_452.jpg,-0.205,-0.422,0.295,0.018,-0.414,0.122,0.484,0.139,0.098,0.036,0.003,-0.039,-0.045,-0.219,-0.216,0.186,-0.012,0.002,0.02,-0.375,0.185,-0.069,0.034,0.116,0.078,-0.236,0.268
0,levle1_472.jpg,-0.178,-0.344,0.347,0.15,-0.419,0.221,0.05,0.1,-0.013,0.316,-0.181,0.092,0.075,-0.395,0.054,0.039,0.055,0.013,0.04,-0.124,-0.01,0.104,-0.243,-0.095,-0.027,-0.264,0.242
0,levle1_615.jpg,-0.213,-0.174,0.216,0.278,-0.208,-0.074,0.293,0.235,-0.035,0.173,-0.116,-0.151,0.055,-0.177,-0.056,0.128,0.025,0.196,-0.028,-0.222,-0.111,-0.23,-0.353,-0.098,-0.337,-0.131,0.336
0,levle1_192.jpg,-0.062,-0.152,0.023,0.142,-0.351,0.003,0.339,0.136,-0.007,0.109,-0.475,0.041,0.086,-0.111,0.014,0.07,0.055,0.072,0.06,-0.433,0.254,0.011,-0.275,-0.013,-0.189,-0.142,0.148
0,levle1_21.jpg,-0.249,-0.12,0.315,0.246,-0.307,-0.15,0.263,0.161,0.006,-0.084,0.087,0.026,0.136,-0.105,-0.072,0.117,0.031,-0.002,0.204,-0.025,-0.096,-0.109,-0.264,-0.139,-0.171,-0.158,0.174
0,levle2_86.jpg,-0.247,-0.426,0.01,0.121,-0.273,-0.076,0.335,0.233,0.036,0.312,-0.239,-0.185,-0.24,-0.191,0.172,0.039,0.041,0.219,-0.08,-0.058,0.119,0.105,-0.125,-0.12,0.067,-0.181,0.314
0,levle1_385.jpg,-0.3,-0.164,0.204,0.303,-0.248,0.095,0.226,0.187,-0.004,0.29,-0.255,0.125,-0.032,-0.344,-0.006,0.209,-0.031,0.15,0.117,-0.067,-0.071,0.1,-0.195,-0.016,-0.146,0.05,0.362
0,levle1_63.jpg,-0.324,-0.492,0.275,0.233,-0.186,0.209,0.165,0.207,0.103,-0.067,0.085,0.151,0.004,-0.46,-0.115,0.065,-0.014,0.018,-0.024,0.023,0.135,0.2,-0.166,-0.07,-0.205,-0.426,0.376
0,levle1_25.jpg,-0.391,-0.188,0.176,0.433,-0.205,0.041,0.319,0.064,-0.195,0.358,-0.04,-0.095,0.158,-0.366,-0.312,0.316,0.021,0.051,0.163,-0.175,0.132,-0.055,-0.218,0.26,0.081,0.014,0.091
0,levle1_320.jpg,-0.216,-0.288,-0.002,0.197,-0.223,0.004,-0.031,0.088,0.075,0.306,-0.086,0.067,0.113,-0.201,-0.241,-0.034,-0.044,0.208,-0.06,-0.201,0.261,-0.181,-0.162,-0.02,-0.021,-0.092,0.32
0,levle1_501.jpg,-0.123,-0.176,0.232,0.156,-0.134,0.095,0.211,0.058,0.127,0.101,-0.239,0.051,-0.127,-0.143,0.04,-0.01,-0.034,0.059,0.035,-0.235,0.111,-0.28,-0.146,-0.201,-0.114,-0.246,0.149
0,levle1_97.jpg,-0.514,-0.289,0.317,0.299,-0.266,-0.096,0.329,0.167,-0.169,0.183,-0.12,0.136,0.129,-0.292,-0.059,0.039,-0.102,-0.045,-0.095,-0.414,0.128,0.022,-0.326,0.163,-0.138,-0.155,0.345
0,levle1_572.jpg,-0.244,-0.286,0.247,0.216,-0.327,0.043,0.342,0.237,-0.017,0.146,-0.1,0.096,0.161,-0.266,-0.064,0.023,0.035,-0.02,0.072,-0.161,0.073,-0.009,-0.125,-0.01,-0.066,-0.181,0.293
0,levle1_437.jpg,-0.299,-0.186,0.276,0.197,-0.518,-0.115,0.181,0.244,-0.186,0.176,-0.166,0.023,-0.081,-0.277,-0.038,-0.089,-0.082,0.044,0.016,-0.369,0.049,-0.163,-0.197,-0.068,-0.152,0.008,0.29
0,levle1_18.jpg,-0.095,-0.395,0.272,0.098,-0.051,-0.056,0.347,0.36,0.051,0.134,-0.125,-0.074,0.15,-0.279,0.183,0.127,0.054,-0.113,0.092,-0.172,-0.006,0.053,0.086,0.131,0.225,-0.224,0.347
0,levle1_547.jpg,-0.194,-0.405,0.136,0.171,-0.338,0.043,0.298,0.306,-0.104,0.071,-0.414,0.067,-0.025,-0.266,-0.233,0.144,0.003,-0.134,-0.178,-0.341,0.281,-0.098,-0.199,-0.141,-0.166,-0.186,0.439
0,levle1_2.jpg,-0.26,-0.173,0.208,0.364,-0.192,-0.042,0.227,0.225,-0.096,-0.055,-0.287,0.163,0.294,-0.202,-0.085,-0.031,0.139,0.076,-0.006,-0.117,0.271,-0.007,-0.389,-0.128,-0.119,0.027,0.215
0,levle1_182.jpg,-0.169,-0.231,0.197,0.344,-0.173,0.001,0.322,0.316,0.035,0.025,-0.066,0.03,0.488,-0.39,0.243,-0.148,-0.056,0.047,0.32,-0.275,-0.028,0.159,-0.033,-0.015,-0.034,-0.099,0.333
0,levle1_516.jpg,-0.392,-0.091,0.129,0.094,-0.475,0.227,0.309,0.147,0.095,0.283,-0.346,0.251,-0.004,-0.155,-0.167,-0.021,-0.079,-0.037,0.04,-0.309,0.274,-0.154,-0.052,0.075,-0.295,-0.041,0.394
0,levle1_380.jpg,-0.245,-0.4,0.114,0.107,-0.352,-0.148,0.224,0.06,0.049,-0.159,-0.198,0.048,0.066,-0.109,-0.286,0.182,-0.126,0.129,-0.085,-0.215,0.151,-0.45,-0.274,-0.205,-0.269,-0.153,0.03
0,levle1_188.jpg,-0.261,-0.153,0.145,0.031,0.003,0.055,0.336,0.165,-0.01,0.055,-0.33,0.101,0.047,-0.258,0.017,0.248,0.048,0.148,0.036,-0.087,0.083,0.128,-0.177,-0.053,-0.101,-0.248,0.137
0,levle1_548.jpg,-0.285,-0.355,0.417,0.339,-0.392,0.209,0.331,0.361,-0.132,0.5,-0.212,-0.145,0.245,-0.257,-0.088,-0.011,0.026,0.262,0.076,-0.226,0.122,0.067,-0.13,-0.189,-0.058,-0.088,0.326
0,levle1_448.jpg,-0.295,-0.126,0.317,0.449,-0.373,0.209,0.356,0.271,-0.04,0.117,-0.302,0.105,-0.017,-0.219,0.076,0.028,0.021,-0.038,0.178,-0.179,0.173,0.064,-0.034,-0.023,-0.131,0.005,0.479
0,levle1_375.jpg,-0.324,-0.276,0.141,0.275,-0.326,0.009,0.218,0.501,0.281,0.12,-0.101,0.096,-0.048,-0.495,0.049,0.158,-0.004,0.035,0.319,-0.267,0.129,0.151,-0.169,-0.191,-0.111,-0.188,0.571
0,levle1_459.jpg,-0.22,-0.4,0.201,0.071,-0.355,-0.075,0.2,0.31,-0.022,0.241,-0.391,-0.018,-0.129,-0.015,0.007,-0.034,-0.045,0.035,0.116,-0.226,0.074,-0.059,-0.154,-0.081,0.117,-0.064,0.327
0,levle1_178.jpg,-0.335,-0.419,0.351,0.266,-0.352,0.174,0.247,0.261,-0.096,0.284,-0.265,-0.256,0.045,-0.49,-0.143,0.182,-0.071,0.13,-0.007,-0.104,0.018,0.042,0.019,-0.048,0.179,-0.302,0.239
0,levle1_445.jpg,-0.44,-0.294,0.291,0.047,-0.503,0.054,0.415,0.347,0.032,0.176,-0.369,0.162,0.003,-0.323,-0.216,-0.058,-0.125,0.181,0.139,-0.066,-0.008,0.011,-0.287,-0.165,-0.194,-0.238,0.164
0,levle1_122.jpg,-0.445,-0.352,0.206,0.157,-0.292,0.26,0.138,0.229,0.175,0.057,-0.207,-0.079,0.084,-0.512,-0.113,-0.1,-0.178,0.039,0.17,-0.258,0.009,-0.013,-0.41,-0.038,-0.157,-0.249,0.184
0,levle1_293.jpg,-0.354,-0.316,0.147,0.185,-0.261,0.013,0.085,0.463,0.102,0.31,-0.053,0.223,0.072,-0.415,-0.138,0.161,0.193,-0.156,0.163,-0.068,0.016,0.12,-0.041,0.111,-0.103,-0.255,0.312
0,levle1_316.jpg,-0.211,-0.194,0.262,0.286,-0.188,0.159,0.246,0.082,-0.135,0.083,-0.08,0.068,0.028,-0.377,-0.042,-0.188,-0.055,0.083,-0.104,-0.167,0.209,0.054,-0.059,-0.036,-0.189,-0.227,0.273
0,levle1_304.jpg,-0.336,-0.163,0.389,0.179,-0.319,0.007,0.152,0.24,-0.232,0.397,-0.309,-0.01,0.145,-0.313,0.086,-0.017,-0.172,0.192,0.177,-0.266,-0.084,0.04,-0.151,-0.134,-0.233,0.02,0.353
0,levle1_388.jpg,-0.371,-0.296,0.071,0.177,-0.205,-0.135,0.345,0.158,0.039,0.174,-0.092,-0.119,0.107,-0.256,0.067,0.085,0.056,-0.049,0.028,-0.194,0.036,0.051,-0.091,0.064,-0.087,-0.119,0.291
0,levle1_106.jpg,-0.085,-0.299,0.293,0.152,-0.277,0.106,0.272,0.129,0.305,0.148,-0.505,0.138,0.174,-0.17,-0.047,0.261,-0.191,0.238,0.086,-0.174,-0.025,-0.241,-0.074,-0.353,-0.07,0.085,0.19
0,levle1_233.jpg,-0.383,-0.31,0.121,0.322,-0.445,0.084,0.296,0.085,-0.011,0.175,-0.229,0.067,-0.007,-0.345,-0.403,0.194,-0.049,-0.058,-0.079,-0.222,0.267,-0.263,-0.326,-0.022,-0.059,-0.205,0.132
0,levle1_614.jpg,-0.123,-0.231,0.501,0.096,-0.085,-0.218,0.409,0.384,-0.029,0.191,-0.356,0.173,0.287,-0.129,-0.218,-0.186,-0.256,0.072,-0.143,-0.32,0.046,-0.237,-0.107,-0.164,-0.255,-0.127,0.407
0,levle1_539.jpg,-0.103,-0.182,0.417,0.084,-0.297,-0.053,0.331,0.411,-0.053,0.052,-0.083,0.291,0.257,-0.229,-0.052,-0.031,-0.069,-0.118,-0.111,-0.288,0.242,-0.039,-0.426,-0.026,-0.133,-0.001,0.182
0,levle1_460.jpg,-0.302,-0.314,0.337,0.241,-0.299,0.107,0.336,0.272,-0.053,0.225,-0.254,0.069,0.073,-0.273,-0.093,0.054,-0.004,0.027,0.061,-0.235,0.082,-0.001,-0.189,-0.116,-0.113,-0.2,0.351
0,levle1_13.jpg,0.004,-0.104,0.255,0.159,-0.29,0.005,0.261,0.237,0.045,0.209,-0.208,0.353,0.323,-0.26,-0.172,0.102,-0.003,0.065,-0.117,0.043,-0.046,-0.119,0.162,-0.004,-0.122,-0.229,0.293
0,levle1_606.jpg,-0.173,-0.362,0.116,0.25,-0.283,0.04,0.212,0.135,-0.082,0.014,-0.185,-0.146,0.096,-0.496,-0.004,0.029,-0.154,0.219,-0.122,-0.292,0.255,0.165,-0.135,0.018,-0.064,-0.395,0.1
0,levle1_618.jpg,-0.364,-0.498,0.167,0.551,-0.327,0.074,0.4,0.107,-0.066,0.269,-0.293,0.072,0.028,-0.372,0.195,-0.074,-0.054,0.111,-0.064,-0.153,0.216,0.289,-0.329,0.11,0.003,-0.138,0.168
0,levle1_417.jpg,-0.407,-0.524,0.412,-0.122,-0.383,0.145,0.382,0.09,-0.181,0.514,-0.441,0.002,-0.08,-0.268,-0.271,-0.008,-0.042,0.051,0.195,-0.075,-0.092,0.133,-0.501,0.119,-0.263,-0.293,0.214
0,levle1_265.jpg,-0.055,-0.23,0.026,0.096,-0.197,0.189,0.038,0.535,0.11,0.26,-0.417,-0.102,0.026,-0.167,-0.204,-0.042,0.045,0.457,0.24,0.145,0.182,-0.032,-0.285,-0.066,0.109,-0.324,0.154
0,levle1_208.jpg,-0.278,-0.34,0.255,0.142,-0.202,0.144,0.342,0.059,-0.025,0.312,-0.013,-0.005,0.164,-0.193,-0.107,-0.113,-0.015,0.047,0.078,-0.455,0.018,0.175,-0.111,-0.073,-0.057,-0.149,0.178
0,levle1_34.jpg,-0.332,-0.205,0.152,0.267,-0.097,0.195,0.254,0.294,0.133,0.152,-0.262,-0.059,0.356,-0.35,-0.074,0.12,0.184,-0.085,-0.062,-0.208,0.161,0.042,-0.054,0.096,-0.051,0.001,0.135
0,levle1_109.jpg,-0.356,-0.319,0.236,0.225,-0.383,-0.007,0.182,0.255,0.209,0.42,-0.134,0.014,0.174,-0.204,-0.501,0.108,-0.228,-0.063,0.238,-0.225,-0.044,0.037,-0.084,-0.074,0.083,-0.055,0.457
0,levle1_489.jpg,-0.072,-0.521,0.296,0.369,-0.388,0.08,0.269,0.098,0.072,0.289,-0.071,-0.016,0.233,-0.389,-0.136,-0.011,0.024,0.177,-0.105,-0.259,-0.002,-0.025,-0.336,-0.166,0.071,0.196,0.314
0,levle1_23.jpg,-0.056,-0.37,0.226,0.213,-0.251,0.175,-0.032,0.086,0.062,0.344,0.106,-0.094,-0.006,-0.076,-0.038,-0.195,0.159,0.139,-0.042,-0.144,0.034,-0.082,0.041,-0.298,-0.061,-0.307,0.068
0,levle2_19.jpg,-0.274,-0.262,0.385,0.114,-0.387,0.086,0.213,0.294,-0.086,0.347,-0.25,0.143,0.058,-0.009,-0.165,0.13,-0.022,0.256,0.029,0.001,0.102,-0.082,-0.322,-0.177,-0.1,-0.251,0.395
0,levle2_84.jpg,-0.217,-0.036,0.281,-0.007,-0.316,0.269,0.439,0.164,0.246,0.007,-0.102,0.059,0.153,0.016,-0.17,0.207,0.144,-0.027,-0.032,-0.439,0.348,0.025,-0.048,-0.145,-0.113,-0.234,0.356
0,levle2_52.jpg,-0.411,-0.397,0.385,0.362,-0.29,0.09,0.002,0.234,0.076,0.165,-0.251,-0.013,-0.075,-0.252,-0.106,0.213,0.108,-0.023,0.02,-0.273,0.151,-0.311,0.03,-0.27,-0.151,-0.077,0.238
0,levle2_140.jpg,-0.352,-0.37,-0.13,-0.184,-0.209,0.007,0.155,0.361,0.375,0.343,-0.423,-0.022,-0.029,-0.543,0.059,0.079,-0.107,0.074,0.017,-0.307,0.098,-0.474,-0.17,-0.143,0.031,-0.319,0.362
0,levle2_57.jpg,-0.149,-0.155,0.346,0.199,-0.088,0.152,0.429,0.288,0.065,0.08,-0.332,0.075,0.209,-0.297,-0.087,0.147,-0.103,-0.094,-0.072,0.062,0.14,0.207,0.041,0.001,-0.084,-0.139,0.266
0,levle2_85.jpg,-0.375,-0.321,0.297,0.332,-0.489,-0.075,0.328,-0.071,-0.148,0.104,-0.295,-0.035,0.022,-0.172,-0.373,0.212,-0.004,0.08,-0.033,-0.322,0.062,-0.236,0.069,-0.158,-0.119,-0.097,0.351
0,levle2_189.jpg,-0.335,-0.356,0.21,0.03,-0.33,0.159,0.261,0.175,0.024,0.369,-0.312,0.267,0.01,-0.232,-0.129,0.23,0.007,0.192,0.078,0.077,-0.105,-0.13,-0.101,-0.18,-0.089,-0.57,0.365
0,levle2_181.jpg,-0.184,-0.157,0.575,0.348,-0.225,0.356,0.123,0.282,0.133,0.105,0.046,0.067,-0.116,-0.567,0.032,0.158,-0.012,-0.042,0.017,-0.091,0.163,0.238,-0.087,-0.001,-0.091,-0.034,0.182
0,levle2_146.jpg,-0.12,-0.194,0.342,0.055,-0.243,0.063,0.349,0.406,0.038,0.137,-0.115,-0.143,0.285,-0.144,-0.059,-0.104,0.119,0.19,0.168,-0.225,0.145,0.029,-0.288,0.067,0.047,-0.275,0.246
0,levle2_13.jpg,-0.31,-0.386,0.409,0.322,-0.274,0.063,0.305,0.102,0.057,0.088,-0.289,-0.04,0.274,-0.538,-0.193,-0.114,0.118,-0.135,-0.074,-0.213,0.24,0.025,-0.12,-0.158,-0.359,-0.274,0.173
0,levle2_93.jpg,-0.142,-0.163,0.23,0.262,-0.245,0.088,-0.164,0.22,-0.16,0.304,0.119,0.087,0.014,-0.12,-0.323,-0.022,-0.137,0.241,0.163,-0.292,0.145,0.07,0.036,-0.135,-0.119,-0.366,0.266
0,levle2_27.jpg,-0.141,-0.249,0.14,0.346,-0.463,0.138,0.302,0.373,-0.041,0.281,-0.362,-0.072,-0.08,-0.23,-0.105,0.055,0.118,-0.01,0.19,-0.047,0.083,0.178,-0.038,-0.122,0.361,-0.0,0.421
0,levle2_46.jpg,-0.256,-0.342,0.1,0.017,-0.314,0.051,0.588,0.269,0.09,0.1,-0.403,0.365,0.185,-0.277,-0.139,-0.067,0.151,0.007,0.003,-0.226,0.234,-0.219,-0.127,-0.397,-0.21,-0.275,0.357
0,levle2_75.jpg,-0.155,-0.251,0.088,0.121,-0.137,0.151,-0.084,0.247,0.004,0.017,-0.016,0.135,0.272,-0.251,-0.094,0.186,-0.143,-0.107,-0.23,-0.113,-0.003,-0.011,-0.186,-0.182,0.065,-0.262,0.523
0,levle2_139.jpg,-0.375,0.002,0.28,0.334,-0.381,-0.281,0.346,0.146,-0.145,0.108,-0.556,0.009,0.046,-0.178,-0.08,-0.051,0.001,0.192,0.171,-0.212,0.124,-0.068,-0.252,-0.154,-0.089,0.103,-0.015
0,levle2_184.jpg,-0.186,-0.364,0.088,0.163,-0.088,-0.087,0.352,0.26,0.155,0.173,-0.149,0.066,-0.024,-0.372,-0.092,-0.069,0.146,0.121,0.174,0.068,0.204,0.128,-0.022,-0.176,-0.131,-0.275,0.153
0,levle2_120.jpg,-0.311,-0.225,0.175,0.086,-0.258,0.144,0.45,0.274,0.049,0.101,-0.287,0.144,0.18,-0.286,-0.135,0.114,-0.014,-0.105,0.115,-0.105,0.199,-0.039,-0.271,0.035,-0.119,-0.331,0.408
0,levle2_126.jpg,-0.323,-0.283,0.331,0.185,-0.352,0.196,0.329,0.58,-0.045,0.346,-0.207,-0.018,0.099,-0.242,-0.111,0.122,-0.129,0.135,0.023,-0.273,0.155,-0.21,-0.035,-0.2,0.133,-0.214,0.349
0,levle2_169.jpg,-0.43,-0.172,0.274,0.102,-0.232,0.185,0.32,0.198,0.062,0.159,-0.35,0.102,0.03,-0.095,-0.159,0.103,-0.139,0.182,-0.13,-0.17,0.113,-0.101,-0.242,-0.053,-0.007,-0.133,0.381
0,levle2_152.jpg,-0.307,-0.292,0.296,0.257,-0.28,0.138,0.278,0.28,0.021,0.155,-0.11,0.063,0.09,-0.245,-0.173,0.058,-0.037,-0.024,0.001,-0.201,0.123,0.017,-0.205,-0.135,-0.088,-0.18,0.301
0,levle2_55.jpg,-0.504,-0.339,0.186,0.371,-0.242,-0.16,0.193,0.367,0.027,-0.075,-0.196,-0.162,0.024,-0.3,-0.108,0.072,-0.125,0.133,0.001,-0.198,0.2,0.056,-0.284,-0.17,0.128,0.038,0.206
0,levle3_38.jpg,-0.39,-0.101,0.238,0.277,-0.38,0.289,0.339,0.233,0.11,0.25,0.015,0.039,0.056,-0.254,-0.169,0.127,0.255,-0.039,0.294,-0.187,0.129,-0.221,-0.156,0.049,0.06,-0.069,0.328
0,levle3_21.jpg,-0.257,-0.316,0.163,0.253,-0.338,-0.108,0.299,0.275,0.176,0.201,-0.195,0.003,-0.008,0.056,-0.238,0.125,0.097,0.221,0.053,-0.362,0.209,0.205,-0.218,0.101,-0.071,-0.123,0.209
0,levle2_130.jpg,-0.239,-0.443,0.254,0.321,-0.498,0.264,0.212,0.355,0.284,0.114,-0.27,-0.003,0.105,-0.392,0.018,0.048,-0.152,0.026,-0.115,-0.03,0.21,0.127,0.017,0.116,-0.062,-0.413,0.402
0,levle2_179.jpg,-0.27,-0.122,0.332,0.142,-0.378,0.074,0.127,0.181,0.045,0.189,-0.238,0.297,-0.018,-0.393,-0.082,0.108,0.114,0.132,0.289,-0.329,-0.006,-0.056,-0.092,-0.121,-0.243,-0.137,0.389
0,levle1_30.jpg,-0.32,-0.106,0.444,0.237,-0.465,-0.088,0.041,0.198,-0.022,0.17,-0.238,-0.11,-0.022,-0.164,-0.018,0.097,0.227,0.112,0.141,-0.12,-0.163,0.145,-0.232,-0.307,-0.259,0.211,0.385
0,levle2_111.jpg,-0.281,-0.335,0.286,0.165,-0.376,0.074,0.151,0.057,0.06,0.122,-0.256,-0.051,0.395,-0.215,-0.23,-0.089,0.024,0.022,0.225,-0.079,0.31,-0.158,-0.09,-0.29,-0.052,-0.219,0.166
0,levle3_39.jpg,-0.301,-0.071,0.233,0.211,-0.21,0.118,0.358,0.355,-0.091,0.146,0.067,0.005,0.074,-0.3,-0.087,0.033,0.045,0.288,0.006,-0.381,0.089,-0.058,-0.142,-0.145,-0.088,0.228,0.151
0,levle2_8.jpg,-0.286,-0.108,0.211,0.069,-0.273,0.103,0.288,0.41,0.043,0.08,-0.12,-0.082,0.133,-0.381,-0.161,0.127,-0.018,0.03,-0.003,-0.306,0.067,-0.055,-0.237,-0.049,-0.429,-0.061,0.423
0,levle2_66.jpg,-0.504,-0.14,0.431,0.209,-0.379,0.159,0.36,0.398,0.067,0.175,-0.058,-0.06,0.147,-0.302,-0.297,0.262,0.147,-0.145,0.289,-0.099,0.123,-0.067,-0.239,0.127,-0.172,0.179,0.038
0,levle2_18.jpg,-0.128,-0.318,0.259,0.13,-0.57,-0.057,0.303,0.209,-0.045,0.142,-0.114,-0.182,0.114,-0.08,-0.224,0.041,-0.127,0.106,-0.019,-0.322,0.131,-0.021,-0.055,-0.051,0.082,-0.258,0.235
0,levle2_71.jpg,-0.063,-0.219,0.154,0.222,-0.342,0.196,0.276,0.282,-0.084,0.072,-0.112,0.07,0.009,-0.165,-0.118,0.039,-0.071,-0.055,-0.079,-0.052,0.175,-0.007,-0.11,-0.366,-0.028,-0.256,0.362
0,levle2_41.jpg,-0.043,-0.15,0.44,0.234,-0.407,-0.018,0.447,0.49,-0.057,0.228,-0.438,-0.068,0.256,-0.148,-0.185,0.184,0.174,0.042,-0.136,-0.175,-0.089,-0.195,-0.098,-0.005,-0.149,-0.119,0.369
0,levle2_158.jpg,-0.211,-0.144,0.31,0.123,-0.326,0.075,0.236,0.354,-0.089,0.148,-0.159,-0.109,-0.051,-0.356,0.034,0.104,0.1,-0.138,-0.123,-0.137,0.069,0.096,-0.304,-0.074,-0.187,-0.174,0.284
0,levle2_132.jpg,-0.342,-0.478,0.257,0.182,-0.377,-0.054,0.53,0.424,-0.101,0.336,-0.116,-0.01,-0.033,-0.09,-0.064,0.059,0.228,0.036,0.194,-0.008,-0.079,0.126,-0.11,-0.107,-0.148,-0.178,0.054
0,levle2_69.jpg,-0.201,-0.428,0.459,0.202,-0.258,0.209,0.389,0.412,0.063,0.321,-0.094,-0.058,0.14,-0.364,-0.229,0.058,-0.076,0.055,0.008,-0.131,0.046,0.01,-0.222,-0.056,0.12,0.044,0.14
0,levle3_33.jpg,-0.412,-0.47,0.266,0.255,-0.072,0.056,0.316,0.153,0.055,0.199,-0.08,0.185,0.385,-0.121,-0.253,0.016,0.077,0.237,0.324,-0.307,-0.121,-0.33,0.029,-0.313,-0.317,-0.287,0.26
0,levle3_80.jpg,-0.16,-0.333,0.237,0.187,-0.179,0.1,0.245,0.378,0.032,0.225,-0.279,0.207,0.076,-0.236,-0.258,0.239,0.187,0.159,0.01,-0.21,0.321,-0.074,-0.125,-0.039,0.026,0.117,0.167
0,levle3_124.jpg,-0.368,-0.22,0.131,0.186,-0.411,0.015,0.122,0.034,-0.076,0.114,-0.119,-0.186,-0.029,0.017,-0.156,-0.006,0.089,0.022,-0.013,0.044,-0.032,-0.059,-0.119,-0.125,-0.025,-0.12,-0.038
0,levle3_36.jpg,-0.299,-0.209,0.365,0.146,-0.255,0.183,0.213,-0.088,0.285,0.39,-0.362,0.475,0.073,-0.261,-0.086,0.114,0.157,0.002,0.06,0.059,0.135,-0.154,-0.068,-0.142,-0.244,-0.051,0.466
0,levle3_60.jpg,-0.123,-0.291,0.397,-0.106,-0.185,-0.082,0.391,0.253,0.108,0.345,-0.174,0.123,-0.0,-0.122,-0.071,0.114,0.245,0.049,-0.013,-0.025,0.341,-0.081,0.096,-0.202,-0.173,-0.195,0.285
0,levle3_57.jpg,-0.244,-0.251,0.409,0.217,-0.258,0.096,0.305,0.261,0.159,0.347,-0.37,0.389,0.004,-0.255,-0.005,-0.105,-0.087,0.1,0.182,-0.16,0.041,0.002,-0.308,-0.599,-0.303,-0.311,0.357
0,levle3_11.jpg,-0.387,-0.311,0.52,0.415,-0.504,0.304,0.295,0.291,-0.03,0.267,-0.344,0.047,0.139,-0.288,0.013,-0.031,0.081,-0.108,0.069,-0.317,0.267,-0.051,-0.193,0.224,-0.135,-0.073,0.228
0,levle3_10.jpg,-0.249,-0.221,0.385,0.025,-0.297,0.223,0.542,0.161,-0.034,0.048,-0.097,0.109,0.145,-0.181,0.067,-0.028,0.241,0.057,0.118,0.084,-0.125,0.15,-0.218,-0.088,-0.213,-0.185,0.256
0,levle3_111.jpg,-0.073,-0.144,0.082,0.292,-0.253,0.081,0.034,0.189,-0.032,-0.046,-0.306,0.29,0.126,-0.21,-0.13,0.117,-0.089,0.221,-0.062,-0.081,0.135,0.014,-0.115,-0.067,-0.097,-0.23,0.282
0,levle3_27.jpg,-0.212,-0.257,0.133,0.121,-0.54,-0.007,0.166,0.404,-0.018,0.111,0.058,0.017,0.004,-0.295,-0.216,0.276,0.35,0.072,0.074,-0.133,0.123,-0.04,-0.014,0.151,0.064,-0.028,0.074
0,levle3_53.jpg,-0.165,-0.356,0.095,0.049,-0.392,0.106,0.149,0.253,-0.152,0.458,-0.133,-0.03,0.09,-0.392,-0.075,-0.046,0.033,0.429,0.103,-0.235,-0.145,-0.055,0.034,0.051,-0.195,-0.041,0.328
0,levle3_46.jpg,-0.266,-0.366,0.145,0.167,-0.386,0.011,0.205,0.313,0.002,-0.02,-0.106,0.298,0.272,-0.442,-0.035,-0.091,0.05,0.014,0.226,-0.137,0.157,0.156,-0.22,-0.122,-0.189,-0.248,0.219
0,levle3_28.jpg,-0.331,-0.225,0.251,0.226,0.019,-0.071,0.214,0.12,0.077,0.176,-0.047,-0.007,0.097,-0.308,0.049,0.059,-0.094,-0.003,0.033,-0.112,0.102,0.183,-0.127,-0.127,0.052,-0.018,0.201
0,levle3_85.jpg,-0.273,-0.186,-0.009,0.144,-0.118,0.079,0.194,0.015,-0.148,0.15,-0.179,0.105,0.086,-0.042,-0.287,-0.055,0.046,0.216,0.214,-0.303,0.16,-0.034,-0.206,0.064,0.001,-0.413,0.446
0,levle3_24.jpg,-0.119,-0.215,0.179,0.222,-0.259,-0.086,0.204,0.165,0.214,0.194,-0.034,0.093,0.025,-0.346,0.033,0.053,0.173,0.11,0.119,-0.134,0.004,0.025,-0.229,-0.016,0.043,-0.051,0.24
0,levle3_137.jpg,-0.277,-0.219,0.429,0.206,-0.569,0.038,0.144,0.28,-0.263,0.469,-0.158,-0.123,-0.095,-0.539,-0.076,-0.053,0.149,-0.227,0.095,-0.357,0.142,0.189,-0.315,-0.008,-0.099,-0.128,0.214
0,levle3_44.jpg,-0.086,-0.22,-0.004,0.028,-0.407,-0.087,0.274,0.188,0.157,0.218,-0.134,0.009,-0.035,-0.118,-0.126,0.211,-0.02,-0.038,0.084,-0.039,0.231,-0.029,-0.025,0.004,-0.172,-0.301,0.351
0,levle3_144.jpg,-0.351,-0.189,0.177,0.166,-0.156,0.074,0.313,0.28,0.017,0.225,-0.122,0.098,-0.074,-0.237,-0.083,0.193,0.052,0.048,0.11,-0.135,0.019,0.198,-0.268,0.027,0.033,-0.225,0.476
0,levle3_104.jpg,-0.198,-0.299,0.112,0.062,-0.359,-0.055,0.25,0.102,0.31,0.28,-0.096,0.108,0.017,-0.262,-0.24,0.233,-0.093,-0.042,-0.142,-0.283,0.236,-0.085,-0.2,0.08,0.009,-0.097,0.252
0,levle3_14.jpg,-0.363,-0.172,0.376,0.377,-0.206,-0.047,0.493,0.138,-0.308,0.288,-0.099,0.071,-0.08,-0.459,-0.158,0.076,0.119,0.113,0.047,-0.221,-0.098,0.194,-0.205,0.134,-0.135,0.043,0.415
0,levle3_97.jpg,0.067,-0.268,0.067,0.092,-0.326,0.235,0.38,0.37,0.16,0.305,-0.354,0.124,0.143,-0.151,-0.06,0.085,0.076,0.13,-0.179,-0.154,0.298,-0.174,-0.026,-0.108,-0.122,-0.17,0.021
0,levle3_88.jpg,-0.25,-0.279,0.184,0.301,-0.599,0.034,0.165,0.355,0.108,0.152,-0.175,0.016,0.239,-0.329,-0.195,0.187,-0.167,-0.069,-0.024,-0.03,0.114,0.066,-0.249,0.006,-0.149,-0.178,0.436
0,levle3_1.jpg,-0.299,-0.256,0.297,0.02,-0.154,0.108,0.278,0.476,-0.047,0.095,-0.088,0.19,0.409,-0.307,-0.047,0.186,0.099,0.048,0.109,0.14,0.028,0.144,-0.366,0.05,-0.002,0.074,0.178
0,levle3_68.jpg,-0.169,-0.236,0.366,0.372,-0.253,-0.014,0.154,0.175,-0.073,0.243,-0.055,-0.156,-0.0,-0.165,-0.248,0.134,0.124,-0.057,0.173,-0.036,0.211,-0.034,0.003,0.056,-0.196,-0.272,0.204
0,levle3_16.jpg,-0.219,-0.163,0.071,0.17,-0.273,0.225,0.123,0.205,0.017,0.363,0.118,0.125,0.152,-0.104,0.073,-0.03,0.3,0.05,0.158,-0.242,0.097,-0.099,-0.134,-0.231,0.04,-0.09,0.144
0,levle3_100.jpg,-0.062,-0.254,0.275,0.356,-0.238,-0.1,0.347,0.346,-0.146,0.086,-0.136,0.093,0.128,-0.207,-0.091,0.011,0.026,0.116,-0.251,-0.053,0.285,-0.096,0.025,-0.16,0.011,0.057,0.212
